{
    "Movie on 2-8-23 at 8.31 AM_1676406067.6104305_averages": [
        0.05921227383789948,
        0.07449543432458654,
        0.12974148404066752,
        0.024247077703177782,
        157
    ],
    "Movie on 2-8-23 at 8.31 AM_1676406067.6104305_raw": [
        0.06211343269141795,
        0.061845415201414664,
        0.06227362121921275,
        0.062046103950339083,
        0.061615211215817894,
        0.06145610812294398,
        0.061947239348553666,
        0.06142802410639227,
        0.06132608250409346,
        0.061208562414963495,
        0.061426777892070315,
        0.061427984983242354,
        0.06134506389412967,
        0.060981770173738535,
        0.060689299395244214,
        0.06140799351669927,
        0.06082506939561957,
        0.06110694542800117,
        0.060626317096736757,
        0.060812875106739446,
        0.061051942078287104,
        0.061487888570509026,
        0.06140278064836478,
        0.061481715325359704,
        0.06091517053092664,
        0.06107334819172661,
        0.06135355773284023,
        0.061259528292583715,
        0.061253732775896,
        0.06126094252203329,
        0.061289879156394646,
        0.0612458917578729,
        0.06136102810857753,
        0.06099727346223859,
        0.061262538969220175,
        0.061361387231510925,
        0.06152479324934175,
        0.0613635546607306,
        0.06143798127162194,
        0.06150352303219334,
        0.06108993035143004,
        0.06101717039003223,
        0.060995888000976266,
        0.060884704946320194,
        0.06070932691941654,
        0.061104640672470824,
        0.06094722686464371,
        0.06101063638238491,
        0.06099948073159771,
        0.06081470612884029,
        0.06089808606714226,
        0.06099433015968151,
        0.06063948371440797,
        0.06075572316148957,
        0.0601148044446239,
        0.060318515963219986,
        0.06001545119939286,
        0.06093838028358721,
        0.06136302918438488,
        0.06160637520931034,
        0.06186747110294167,
        0.06179778368634422,
        0.06169356809523158,
        0.061789889441065365,
        0.06100600524992254,
        0.061272825534684015,
        0.06104551230883844,
        0.06118622819499119,
        0.06074428897509121,
        0.06053101640168086,
        0.06069958007644419,
        0.06048584667385353,
        0.06032417817789046,
        0.060652337876244,
        0.06055267439000998,
        0.0594707062494079,
        0.06020919737601031,
        0.06038703217103221,
        0.0601059790558378,
        0.06037248748914067,
        0.06041907588664925,
        0.0604976376585402,
        0.06031918343227509,
        0.060150849074130174,
        0.06034722206970892,
        0.06041184327908197,
        0.05921227383789948,
        0.06029547525743686,
        0.06016090124484414,
        0.06008379888976136,
        0.060038177918038726,
        0.05974700331645583,
        0.059880094599409094,
        0.05994816928625321,
        0.06005378866044068,
        0.06039589460889776,
        0.06019324123639465,
        0.05998500103423545,
        0.06028834290172525,
        0.06023589440907381,
        0.0603049750456351,
        0.0604132326346036,
        0.06064896162714169,
        0.060765320052944535,
        0.06079034431920115,
        0.06090232577003391,
        0.06092146058808425,
        0.06059035465359276,
        0.06070872847363813,
        0.06095031629437256,
        0.06107526757927437,
        0.06663018664615541,
        0.06839360835563063,
        0.0695410756028971,
        0.07024578467540449,
        0.0702958354390148,
        0.07758069757709364,
        0.07613248066480904,
        0.07648127379663752,
        0.07372195427041749,
        0.07796429597798883,
        0.08035810148143177,
        0.08786257199669649,
        0.09180580882355828,
        0.09452607466237599,
        0.09738551419966907,
        0.10093752199324188,
        0.10370294565296839,
        0.10684468117075947,
        0.10723617963848017,
        0.1088707337559525,
        0.11099350799522656,
        0.11444541386462567,
        0.11342793871202948,
        0.11641590436535447,
        0.11850147943718448,
        0.11931890254999607,
        0.12101089879902924,
        0.12104121720372185,
        0.1230658050802212,
        0.12585608886115032,
        0.12548736187470708,
        0.1289001974997334,
        0.1271449411557625,
        0.12935032043426067,
        0.12887966355686006,
        0.12815685100285776,
        0.12974148404066752,
        0.12908963956484326,
        0.12640830502209568,
        0.12867538437688292,
        0.12820280070802204,
        0.12808252510394882,
        0.12691998303637725,
        0.12758019413554506,
        0.1267734013002365,
        0.12784964273017455
    ],
    "Movie on 2-8-23 at 8.31 AM_1676406132.4882536_averages": [
        0.05921227383789948,
        0.07449543432458654,
        0.12974148404066752,
        0.024247077703177782,
        157
    ],